cosine_similarity,mae,mse,spearman,top1_match,top5_match,layer,bits,model_id,query_source
0.9509140849113464,1.2482389211654663,2.5410168170928955,0.955357015132904,1.0,1.0,0,2.0,Qwen/Qwen3.5-9B,synthetic
0.9780877232551575,0.8363730907440186,1.017340898513794,0.9732142090797424,0.75,0.75,0,3.0,Qwen/Qwen3.5-9B,synthetic
0.9954181909561157,0.3832206130027771,0.24223262071609497,0.992857038974762,1.0,1.0,0,4.0,Qwen/Qwen3.5-9B,synthetic
0.9797102808952332,0.7696825861930847,0.8870739340782166,0.9767856001853943,1.0,1.0,0,2.5,Qwen/Qwen3.5-9B,synthetic
0.9960810542106628,0.2995927333831787,0.1767873466014862,0.9964284896850586,1.0,1.0,0,3.5,Qwen/Qwen3.5-9B,synthetic
