bit_setting,hidden_triality_vector,hidden_key_only_random,hidden_full_kv,delta_hidden_tri_minus_rand,delta_hidden_tri_minus_full_kv,memory_triality,memory_random,memory_full_kv
2.0,1.0003255208333333,0.9998372395833334,0.9415690104166666,0.000488281249999889,0.05875651041666663,0.56640625,0.56640625,0.130859375
4.0,1.0006510416666667,1.0,0.99560546875,0.0006510416666667407,0.005045572916666741,0.62890625,0.62890625,0.255859375
8.0,0.9998372395833334,0.99951171875,0.9996744791666666,0.00032552083333337034,0.00016276041666674068,0.75390625,0.75390625,0.505859375
